iter	label	commit	metric	delta	kept	guard	live_crit	note
0	iter00	1e7fb7a	50	0	baseline	PASS	0	dev 50/60, fp0, cleanCrit0, gaps0; holdout-3 mobile 6/12, controls 8/8 clean; live 24/24 measured 0 crit
1	iter01	e5ffa80b	51	+1	no	PASS	24	end-of-page bottom-bar rule gained h2:h03; 24 live FP on phukienmaymoc mobile: #bottom-navigation gets .hide (transition all .3s) from a scroll handler after the synchronous read; superseded by iter02
2	iter02	00b9dc3e	51	+1	yes	PASS	0	iter01 rule + skip bars that transition visibility/opacity/position (show/hide-on-scroll); new control 28 red on iter01, green now; live 24/24 measured 0 crit
3	iter03	a83c7f5a	52	+1	yes	PASS	0	own absolute offset parks a control only past left/top edge; gained h2:h06; live 24/24 measured 0 crit
4	iter04	3c996db0	52	0	no	PASS	0	control-over-control cover relabelled overlap: no gain - h07's occlusion is the h2 heading under the size buttons (correct kind); the two buttons overlap 41% and the cover sweep's centre sample misses it; reverted
5	iter05	bbcb801e	53	+1	yes	PASS	0	control clipped away past the trailing edge of a box it spans vertically -> offscreen (skips scrollers, vertical collapse, moving/slide-in transitions, absolute parked wrappers); new control 29 red without the transition skip, green with it; gained h:desktop:h05; live 24/24 measured 0 crit
6	iter06	3deef9cc	55	+2	no	FAIL	4	stacked-control threshold 0.5->0.25 + designed-overlay/carousel skips; gained h07 mobile+desktop; guard FAIL: control 17 (link clipped away in collapsed read-more counted as stacked) + 4 live crit on gixjewel mobile (lazy banner captions stacked while images unloaded, block 19px tall); fixed forward in iter07
7	iter07	f1ec23a2	55	+2	yes	PASS	0	iter06 + control fragments cut to their visible (unclipped) part + pairs whose geometry waits on a collapsed pending image (unloaded/lazy img in one side's own branch) skipped in text-over-text, control-stack and same-layer cover; zero-size skipped for a link holding a pending image; new control 31 red before (crit3 warn3), green after; gained h07 mobile+desktop; live 24/24 measured 0 crit
8	iter08	7671eb0e	56/59	+1	yes	PASS	0	bar-covered bands: lines/controls sampled inside the band an opaque top bar (load) or bottom bar (end of page) covers, a third or more counts; new control 32 (padded bottom buy bar) green; gained h:mobile:h04. GROUND-TRUTH CORRECTION (not a detector gain): h04 desktop relabelled false by rendered geometry (1440x900: note bottom y=824, bar top y=835, 0% covered), so denominator 60->59. Live exit=1 was hapas-collection-desktop rendering 78 sweep steps (>60 cap) on that run; A/B rerun: iter08 engine 26 steps measured, iter07 engine load failed (-401) - live page variance, not engine
9	iter09	fcacf098	57/59	+1	yes	PASS	0	single-shift jump witness: a layout-shift source moved >= 25% of the viewport (score below 0.1) -> warning; gained fixtures:desktop:14 (score 0.061, 400px jump on 900px viewport); live 24/24 measured 0 crit, no new layout-shift warnings on live (the 4 present are pre-existing CLS > 0.1 on gixjewel)
9r	iter09r	fcacf098	71/82	rebase	-	-	0	STRATEGY SHIFT (dev corpora saturated at 57/59; kongming checkpoint: stop tuning on known misses): fresh blind corpus holdout-4 (16 defects/10 controls, authored+labelled by a subagent that never read the engine, fixtures or loop files; transcript audited) added to the DEV set; holdout-3 stays reserved. Same engine fcacf098: holdout-4 caught 14/23 defect rows, controls 10/10 clean, 0 gaps. New baseline 71/82.
10	iter10	75f047a0	72/82	+1	yes	PASS	0	burst travel: a shifted source's net move across entries under a second apart (a transition splits one jump into per-frame entries of <=79px; y12 net 359px); gained h4:desktop:y12; mobile y12 still dropped by hadRecentInput (lastInputTime=129ms with no first-input entry under mobile emulation); live 24/24 measured 0 crit, layout-shift warnings unchanged (same 4 gixjewel CLS)
11	iter11	51cf1df5	73/82	+1	yes	PASS	0	hadRecentInput excuses a shift only after a recorded discrete input (first-input entry): mobile emulation's viewport resize marks load shifts as input (lit=117..767ms, firstInput=[] on live pages); gained h4:mobile:y12; live 24/24 measured 0 crit; live layout-shift warnings 4->7, the 3 new verified genuine by entry dump: gixjewel collection/product mobile main shift 0.259 also present without emulation input (mobile:false lit=0), unitedvision product mobile 0.17 shift of .uv-success-modal-card at 744ms (lit=355, firstInput none; reproduced 1 of 3 loads)
12	iter12	de1cc745	75/82	+2	yes	PASS	0	an absolute control inside a field's box is a designed overlay only while it stays off the field's painted value (canvas-measured value extent inside the content box); new control 33 (padded search/newsletter fields with buttons) red under "any input overlay is stacked" (3 crit per viewport), green now; gained h4:y03 mobile+desktop; live 24/24 measured 0 crit
13	iter13	a94a368b	77/82	+2	yes	PASS	0	a text field's value (canvas-measured, centred glyph line inside the content box) joins text-over-text as a run; new control 34 (floated label raised above a filled field, icon in padding-left, side label) red under a whole-box value rect (icon over value), green now; gained h4:y06 mobile+desktop; live 24/24 measured 0 crit
14	iter14	047741bb	78/82	+1	yes	PASS	0	trailing-edge rule widened from fully clipped to less than half in view (y11 next button 11 of 132px visible under overflow:hidden, static, no transition), ellipsis truncation exempt; new control 35 (ellipsis breadcrumb/related links, slide-up add-to-cart) red without the ellipsis exemption (2 crit per viewport), green now; gained h4:mobile:y11; live 24/24 measured 0 crit
15	iter15	3333e7b7	79/82	+1	yes	PASS	0	text in one fixed layer painted over by another fixed layer (they never move against each other, so the cover holds at every scroll offset); viewport-spanning fixed layers (load popups, backdrops) stay excluded; new control 36 (load popup over bottom nav, raised Zalo/to-top bubbles) red without the viewport-span skip (6 crit per viewport), green now; gained h4:mobile:y13; live 24/24 measured 0 crit
16	iter16	72ae0476	79/82	0	no	FAIL	0	a box that shows some lines of a text and hides whole lines below its own edge is too short (h02 description 42px at 22px lines); new control 37 (aria-controls read-more, line-clamp names, "Đọc tiếp" quote, vertical ticker) red without the truncation guards (7 crit mobile, 1 desktop), green; gained h02 mobile+desktop but GUARD FAIL: y03/y05 mobile flooded with 50 clipping crit from .card-title{height:38px;overflow:hidden} (fixed 2-line product-title clamp, no line-clamp) and lost their overlap catch; fixed in iter17
17	iter17	eec007cb	81/82	+2	yes	PASS	0	iter16 rule kept, minus title boxes: a heading (or a box inside one) capped to a fixed height drops whole lines on purpose (fixed 2-line product-title clamp without line-clamp); a container cutting a title is not a title box, a line sliced mid-way still reports; new control 38 (h3 height clamp, h3>a block clamp) red without the title guard (4 crit mobile), green now; y03/y05 restored; gained h02 mobile+desktop; live 24/24 measured 0 crit
18	iter18	213d4a2a	82/82	+1	yes	PASS	0	an opaque fixed layer spanning the viewport that leaves >=2 targets deferred at every scroll step with no reachable way out (close control inside, or an aria-controls toggle that hit-tests) reports one occlusion; new controls 39 (full-screen store picker with × "Đóng") and 40 (full-screen filter drawer, header toggle above it) red without the exemptions, and 40 red again with its toggle covered by the drawer (honest trap); gained h4:mobile:y08; live 24/24 measured 0 crit; holdout-4 lane exit 1 is pre-existing harness noise (y09 desktop-only defect lacks viewports:['desktop'], asserted at mobile), metric counts by ground truth
19	iter19	c7e8cf52	82/82	0	yes	PASS	0	kongming checkpoint (loop saturated): defensive tightening instead of a holdout-5; a full-screen gate the shopper answers is a way out: whole-name short answers (ok/yes/có/i agree), confirm verbs as prefix (xác nhận/đồng ý/chấp nhận/tiếp tục/vào trang/accept/agree/confirm/continue/enter), age phrases (đủ/trên 18|21 tuổi, 18+, over 18, of legal age); regex checked on 13 answers / 14 non-answers ("Có hàng", "Size 18", "Entertainment", "Tùy chỉnh" stay out); new controls 41 (wine age gate "Tôi đã đủ 18 tuổi", no ×) and 42 (consent wall "Đồng ý và tiếp tục") red on iter18 (1 crit per viewport each), green now; y08 still caught; live 24/24 measured 0 crit; no metric gain by design (FP hardening)
20	iter20	2ffa51cf	84/84	+2	yes	PASS	0	kongming FN flag: the title-clamp exemption covers only a repeated title (same tag+class painted >= 2 times); a one-off title cut to a fixed height (product page h1 30px tall, 4 lines mobile / 3 desktop) loses words the reader has nowhere else; new fixture 43 (PDP h1 cut + related-grid names clamped by design) red on iter19 (0 crit both viewports), green now with the exact lost-line count (3 mobile, 2 desktop) and the grid names still exempt; control 37/38, y03/y05, h02/h08 unchanged; live 24/24 measured 0 crit. LOOP CLOSED at 20 iterations. Reserved holdout-3 (untouched during the loop): mobile 6/12 -> 9/12 (x03, x04 clipping, x09 offscreen), controls 8/8 clean both viewports; of the 3 misses x05 (modal top 447 vs buy button bottom 387) and x08 (bar top 595 vs footer bottom 403, page 419 tall) do not render the labelled defect, x06 is the one genuine miss (fixed Zalo bubble over the right 54px/16% of a fixed checkout button, off its label)
